e, e_dot, e_int, stamp, 
3.4581358265209117, -5.0444955658572134e-05, 0.6916291831024087, 1732895886304794038, 
3.4580820387933544, -0.0002297373808494522, 0.6916245883547917, 1732895886400801969, 
3.458057621912024, -0.000260682029626184, 0.6916183658150861, 1732895886494345893, 
3.4580745607129244, -2.4926934766670666e-05, 0.6916142814278868, 1732895886654691227, 
3.458099013319978, 0.0001379713598466855, 0.691615413062995, 1732895886704756400, 
3.4586062165269897, 0.0017721860468844497, 0.6916519860373261, 1732895886800780867, 
3.457296715239309, -0.0026743269355626134, 0.6916001296724185, 1732895886894624805, 
3.4533288745971413, -0.017591139766161373, 0.6912821204242294, 1732895887054870134, 
3.4474910974786854, -0.03268539253541203, 0.6905411124876757, 1732895887104801698, 
3.440316597802743, -0.043374255981327714, 0.6894091046585713, 1732895887205898557, 
3.4330451162619293, -0.04815327072252037, 0.6880568541028905, 1732895887294881890, 
3.4245147932573525, -0.05267268181796828, 0.686525100488135, 1732895887454803831, 
3.4151367725678474, -0.05969447898027299, 0.6848464454724753, 1732895887504808033, 
3.4080959329685605, -0.054729534295973416, 0.6831831665862507, 1732895887605918314, 
3.3989740137556383, -0.05387586270736359, 0.681480447952803, 1732895887695131490, 
3.38775343924256, -0.0678083124200013, 0.6796548923977839, 1732895887805142207, 
3.377960937635732, -0.07004358706635443, 0.6776458927089287, 1732895887904809561, 
3.367232536841492, -0.06840300800355988, 0.6755297942479856, 1732895887999807531, 
3.355193970145853, -0.07588989163293054, 0.6733591629748719, 1732895888099908097, 
3.345762121382308, -0.07156805153061423, 0.6712125752246435, 1732895888258827565, 
3.34104657723326, -0.04715797637531013, 0.6694668445840947, 1732895888300814734, 
3.335785948975856, -0.033253908021505886, 0.6681729765060949, 1732895888400793379, 
3.3311285305109344, -0.033060155741084785, 0.6671974037813367, 1732895888498165985, 
3.3311133436889433, -0.015575350956376077, 0.6665351882117155, 1732895888658817441, 
3.3316555107725927, 0.0017566008721943878, 0.6662598256648313, 1732895888700821706, 
3.3279864093945886, -0.010423114314515777, 0.6660503509237417, 1732895888804800931, 
3.320782917576299, -0.03624197732097952, 0.6653616558495654, 1732895888895138118, 
3.311696584444867, -0.054299416499071405, 0.6640310607610503, 1732895889006042045, 
3.30029101233054, -0.06830635081919685, 0.6621847009567804, 1732895889101822600, 
3.288680078404259, -0.07672168680202744, 0.6600445116786443, 1732895889200786597, 
3.2748670018820367, -0.08474670149501022, 0.6575892061744556, 1732895889314649949, 
3.2632592792174813, -0.0847359972892588, 0.6551204239669185, 1732895889406112551, 
3.258133469944357, -0.05577843979226523, 0.653083983402925, 1732895889504822782, 
3.254102015996468, -0.030524210736710227, 0.6516996510105537, 1732895889605819260, 
3.250359060487692, -0.025914698188883218, 0.6508396364285679, 1732895889765144729, 
3.2449550031520245, -0.03049004281481249, 0.6499610719757456, 1732895889804863220, 
3.233545857654617, -0.056044009443583974, 0.6485906614196222, 1732895889904835117, 
3.2214707664888698, -0.0782807888771823, 0.6466647751530341, 1732895890004799765, 
3.2084508940653427, -0.0836498786309144, 0.6442311678805887, 1732895890114685145, 
3.194026085405909, -0.09148227027653573, 0.6415965163973414, 1732895890204838616, 
3.1782232548323983, -0.10075879744314786, 0.6387133489535767, 1732895890304840902, 
3.1643403261545404, -0.09895253083789542, 0.6357726444261899, 1732895890404838750, 
3.1550613438495465, -0.07720636994283936, 0.633174994989099, 1732895890494224404, 
3.1447517549131003, -0.06529523747146697, 0.6309435616611458, 1732895890604835615, 
3.134138928316642, -0.06974138510968213, 0.6289301351386192, 1732895890704847331, 
3.1262362311389245, -0.061718412580586225, 0.627008460957911, 1732895890804841346, 
3.1148770512813257, -0.06420625678438707, 0.6250168140491261, 1732895890896195486, 
3.1045070680473255, -0.07243054363866334, 0.6230413566978383, 1732895891004836482, 
3.098271632581539, -0.05535139566595534, 0.621177050127346, 1732895891104942672, 
3.091730989063302, -0.04258692994674481, 0.6196339793128111, 1732895891204838985, 
3.084286882239028, -0.0466158344750367, 0.6182859669255912, 1732895891295411912, 
3.075414296373341, -0.054388975633203884, 0.6167621445117113, 1732895891404861992, 
3.0669997884219473, -0.057623646056936074, 0.6151133978022878, 1732895891504854835, 
3.0591561208015143, -0.05419391857275505, 0.6134380137064535, 1732895891604825779, 
3.0511748107798735, -0.05274992547357934, 0.6118220480002223, 1732895891695351206, 
3.0431246228184077, -0.053438326610355524, 0.6102303702933196, 1732895891804841057, 
3.0350979657013935, -0.05358948359493354, 0.608626493286645, 1732895891904854161, 
3.0267714219593427, -0.05451066953021666, 0.6069996006986096, 1732895892004974226, 
3.0215702046787793, -0.04509253674204702, 0.6055626394893011, 1732895892095326332, 
3.0199293851316416, -0.02280678942567042, 0.6045514007846509, 1732895892204965978, 
3.0150039672857294, -0.021887457976833186, 0.60376690380641, 1732895892304531651, 
3.006926685492057, -0.0433423321319489, 0.6027906691939617, 1732895892404952296, 
2.998933962292485, -0.053566683310815044, 0.6013909743380181, 1732895892496306079, 
2.9920014997371704, -0.04975061918295479, 0.5998574765014475, 1732895892606203223, 
2.9848542505170177, -0.046932372584890615, 0.5983859808364449, 1732895892707068788, 
2.9771428206400263, -0.049528930323813704, 0.5969332380596143, 1732895892804039985, 
2.97010256465229, -0.04917228621575879, 0.5954733090539556, 1732895892895585339, 
2.962747812845573, -0.047983359314844876, 0.5939995465425258, 1732895893004843756, 
2.955576727029187, -0.0484194587436774, 0.59256180696847, 1732895893105888627, 
2.949038283242388, -0.04569843201061611, 0.5911575215411432, 1732895893203930173, 
2.9441097402912275, -0.03822328912653106, 0.5899149833708535, 1732895893294917235, 
2.939328799115669, -0.032364947089063754, 0.588831788176619, 1732895893404963674, 
2.93285865402809, -0.03750362087712548, 0.5877531462289991, 1732895893505849462, 
2.9257675651806867, -0.04520411311660736, 0.5865303345549631, 1732895893603026554, 
2.9180875120746506, -0.04923713984479772, 0.5851142487522285, 1732895893694263407, 
2.910006394546953, -0.052537235445779075, 0.5835907647868194, 1732895893854855191, 
2.9029198501147233, -0.05055887319975749, 0.5820675837824218, 1732895893904877985, 
2.8964458959598103, -0.045201661957142335, 0.5806248093747657, 1732895894002868069, 
2.889950293902898, -0.043231854039418316, 0.5792877359984954, 1732895894095855646, 
2.8834632618540463, -0.043275447019213154, 0.5779906301144504, 1732895894206093336, 
2.876828845248435, -0.04373816218154284, 0.5766828267336919, 1732895894304860476, 
2.8701219489339316, -0.04447104306704919, 0.5753609370690942, 1732895894401952993, 
2.863800339192681, -0.04342835351918003, 0.5740500755583364, 1732895894494380432, 
2.8585487086355865, -0.03857746766115019, 0.5728313997841465, 1732895894605018178, 
2.853276195596466, -0.035080478654050395, 0.5717083495616488, 1732895894704863451, 
2.846703435317676, -0.03948424439303544, 0.5705685559699818, 1732895894801904075, 
2.839798992385449, -0.04492401070338955, 0.5693185748866393, 1732895894894568133, 
2.8325512556197916, -0.047173932326280976, 0.5679369122215278, 1732895895054889688, 
2.825153749844972, -0.04881747513492277, 0.5665002665233475, 1732895895104893765, 
2.8181218127804226, -0.04809814279789659, 0.5650551212163458, 1732895895200881435, 
2.8106052414213822, -0.048495028078633005, 0.5635920536031184, 1732895895295462643, 
2.8030381393600856, -0.05027891140112336, 0.5621176795707927, 1732895895394893928, 
2.7956251864118546, -0.04993351669842531, 0.5606179044795548, 1732895895504872544, 
2.788959149036476, -0.046929967745366064, 0.5591748316538945, 1732895895600884264, 
2.782695128593127, -0.04310019272909157, 0.5578186309360972, 1732895895694458369, 
2.776804435175936, -0.04051571286846597, 0.556563914187036, 1732895895854903888, 
2.7708498054437896, -0.039484410497792055, 0.5553566246141901, 1732895895904881735, 
2.76431608633621, -0.041627829465752754, 0.5541313551303958, 1732895896006204606, 
2.757689070164797, -0.043869117596641395, 0.5528569974629866, 1732895896094634236, 
2.751459548212688, -0.04285512707840796, 0.5515643136475797, 1732895896204892712, 
2.7453334132610703, -0.04118552301242288, 0.5502988021092371, 1732895896304887854, 
2.738940320805839, -0.04173075802282877, 0.5490488854853064, 1732895896406595906, 
2.732025415216716, -0.044359993481181505, 0.5477532766189083, 1732895896495649882, 
2.7251369550552256, -0.046011219168711946, 0.546406846071852, 1732895896605274029, 
2.7183670467497847, -0.04552789488977046, 0.545035294468115, 1732895896704906714, 
2.711341606002744, -0.04598449684160529, 0.5436563738538502, 1732895896801901369, 
2.7036192232045977, -0.04915941181729, 0.5422218583971418, 1732895896910574725, 
2.696507882380351, -0.04944574540797664, 0.5407645807725128, 1732895897009048483, 
2.6901170215024868, -0.045007339007036386, 0.5393496084724956, 1732895897100897957, 
2.6835150842643234, -0.04330932705342535, 0.5380093325431441, 1732895897200919722, 
2.6767414475079754, -0.0445852466483713, 0.5366915702183189, 1732895897295586600, 
2.6701113045341947, -0.0446792657670958, 0.5353578557537662, 1732895897396093983, 
2.6635854452784837, -0.04385334076497216, 0.5340292131547102, 1732895897505923001, 
2.6565428365360386, -0.0452282266605201, 0.5326826390899144, 1732895897605877757, 
2.6491220177044736, -0.0482114252467003, 0.5312833533012664, 1732895897695455372, 
2.6423646901234292, -0.04726048804203131, 0.5298686362909294, 1732895897807051893, 
2.6356101417041935, -0.045039586667600474, 0.5284731233021398, 1732895897905920115, 
2.629063851433202, -0.04433612896742378, 0.5271359122173882, 1732895898005883538, 
2.6223969144543715, -0.04404409083273997, 0.5258047271727845, 1732895898165337069, 
2.6150382759107935, -0.04675191840802858, 0.5244332694532244, 1732895898205907116, 
2.6080687735462624, -0.047760469693696926, 0.5230335975940952, 1732895898305299953, 
2.601396937887129, -0.04547112674554802, 0.521633599156279, 1732895898405918353, 
2.595005900144053, -0.04354291134069784, 0.5202981074384964, 1732895898545821259, 
2.5885984770294246, -0.042661536192348436, 0.519000087670707, 1732895898605926418, 
2.5814943116446867, -0.04503862833122133, 0.5176732459212109, 1732895898705933157, 
2.574256267434548, -0.04780736531625548, 0.5162899370739106, 1732895898805897119, 
2.5672479297559136, -0.047487939629243435, 0.5148665672556766, 1732895898895728667, 
2.5600647300878157, -0.04730512448910762, 0.5134379284852185, 1732895899005945011, 
2.552668670565594, -0.048597530634399234, 0.5119987553606216, 1732895899105934340, 
2.545957345890579, -0.04702461399078928, 0.5105793831029326, 1732895899205924143, 
2.539630152909609, -0.043461725519950235, 0.5092170779577188, 1732895899296966588, 
2.5329229044807833, -0.04344813803265198, 0.5079006935520647, 1732895899405933457, 
2.5260682130149448, -0.04520646631554678, 0.5065747513603558, 1732895899505935155, 
2.5193298630214636, -0.04531013819773241, 0.505221398701146, 1732895899605939831, 
2.5128116773629503, -0.04418845217331491, 0.5038806502266239, 1732895899696727757, 
2.5060941899513467, -0.044118910233722865, 0.5025490486890507, 1732895899805982926, 
2.4991793230214383, -0.04544118113837333, 0.5012056793557157, 1732895899905943215, 
2.49247343435054, -0.04540251866935593, 0.49984979648822164, 1732895900005396550, 
2.485948180978917, -0.044103806808405054, 0.498506729223393, 1732895900095865165, 
2.479402276043293, -0.04357052769082307, 0.49718825942484995, 1732895900205960554, 
2.472919450954576, -0.043429100081135985, 0.4958846605317857, 1732895900305947856, 
2.4666051449000626, -0.04265710381076815, 0.4945951247931955, 1732895900405946382, 
2.4599972406829536, -0.043074034238741454, 0.49330145576917284, 1732895900495376451, 
2.453220700535044, -0.04461481455006133, 0.491988205741204, 1732895900605953894, 
2.4466516644723457, -0.044485254035359446, 0.49065797371268954, 1732895900705945745, 
2.439952401925197, -0.044227662032823765, 0.48932165112883913, 1732895900805953440, 
2.4330338400414773, -0.04539274810289484, 0.487975860429268, 1732895900895220016, 
2.4264353428994903, -0.04505686341902256, 0.48662810565774434, 1732895901006286073, 
2.4202366961856137, -0.042657146186212046, 0.4853137252751054, 1732895901107319545, 
2.414247562507358, -0.040625934640440654, 0.4840613067728308, 1732895901205095022, 
2.407961392029712, -0.04091768051967204, 0.48282971004817893, 1732895901296897926, 
2.4012371242359754, -0.04336812757127569, 0.48156307191820297, 1732895901405316689, 
2.3945601855758523, -0.044670688179532604, 0.48025058012276933, 1732895901506268784, 
2.387918478206815, -0.044395486763867766, 0.4789143858679096, 1732895901603192881, 
2.3814601412227794, -0.043666814510242936, 0.47759592033369647, 1732895901713190913, 
2.3753319035715985, -0.04195524878405502, 0.47631403486674617, 1732895901805384948, 
2.3690450352322596, -0.041383686635065864, 0.47505580533510916, 1732895901906016841, 
2.3628213433972887, -0.041701867247699496, 0.4738132188134098, 1732895902004008390, 
2.3568040146640383, -0.04080340189407098, 0.47257802621957246, 1732895902096157218, 
2.350711477200708, -0.04036622065526944, 0.471355789017469, 1732895902193372980, 
2.344530360047767, -0.04091218205423797, 0.4701363901275009, 1732895902305948674, 
2.3383769696421344, -0.04111502519524487, 0.46890792045937385, 1732895902403948553, 
2.3321775637102315, -0.04117598779178463, 0.4676723262266755, 1732895902495717583, 
2.3262917111453087, -0.040284194989418744, 0.466456416299845, 1732895902605327092, 
2.320507102637965, -0.038901536907555524, 0.4652650918329003, 1732895902705950466, 
2.3142245239411148, -0.040223957347313245, 0.46406822251495927, 1732895902802984186, 
2.3079442106968107, -0.0418763064705141, 0.4628450558183927, 1732895902895241424, 
2.3020117946462477, -0.040709097649556845, 0.46161203528561157, 1732895903005174388, 
2.296191397818374, -0.039176042928121824, 0.4604098268774288, 1732895903105956223, 
2.290349608845504, -0.03887395266914506, 0.4592368534206751, 1732895903201996176, 
2.2844919790316642, -0.03899806262236627, 0.4580688657130362, 1732895903295958375, 
2.278684324009781, -0.03888428278574422, 0.45690172745912994, 1732895903406105912, 
2.2728372997963118, -0.038848930784508205, 0.45573424018918374, 1732895903505985724, 
2.2670408241226268, -0.03881166629051395, 0.4545708298619146, 1732895903601974580, 
2.2614843142628303, -0.03784328511160506, 0.45342416254545126, 1732895903695428778, 
2.2559743989377368, -0.03688808394963328, 0.45229996915487963, 1732895903805781200, 
2.250740705107068, -0.03581203051920815, 0.4512132945538423, 1732895903905964476, 
2.245465068521944, -0.03503110138597609, 0.45014534483778323, 1732895904001002700, 
2.2398058786057895, -0.036449421670927684, 0.44906744348232003, 1732895904096049233, 
2.2343777097092756, -0.036957862708894375, 0.44797657712246725, 1732895904255993737, 
2.2291271832848274, -0.03559565106987369, 0.4468873847733262, 1732895904305992710, 
2.223900187465162, -0.034925074147045265, 0.445827005363951, 1732895904407014898, 
2.2188159420278746, -0.03437080418984273, 0.44478955418519095, 1732895904496958369, 
2.213742058607653, -0.03386042952503073, 0.4437638792067126, 1732895904605176871, 
2.2086898691784485, -0.03375357616475375, 0.44274985798759836, 1732895904705997210, 
2.2034823391275955, -0.034199064933524426, 0.44172761779424646, 1732895904805973553, 
2.1981131974781034, -0.035255572334483475, 0.44068569371894317, 1732895904915714916, 
2.19256625983966, -0.03638693095978566, 0.4396107864296906, 1732895905060997863, 
2.1872777797533116, -0.03611805908263932, 0.43853048247140497, 1732895905101983387, 
2.1822628088634, -0.03434483658753281, 0.4374737898970914, 1732895905200988481, 
2.177293713588118, -0.03328022055064513, 0.43645562014698863, 1732895905312068218, 
2.1723819622421545, -0.03293615540415148, 0.4354625656462448, 1732895905409373960, 
2.167767871811596, -0.0317528059217409, 0.4344962365094579, 1732895905502004072, 
2.163277793271973, -0.030347229900605417, 0.4335618418217149, 1732895905601182701, 
2.158549153212331, -0.030729061997549028, 0.4326396545530599, 1732895905699047214, 
2.1537397048931632, -0.0317936279293655, 0.43170444342516445, 1732895905790518785, 
2.1492092089135326, -0.031133147662661582, 0.4307665378012685, 1732895905902008036, 
2.1446559415209836, -0.03027921124059881, 0.42984032368851194, 1732895906005971457, 
2.139900404521804, -0.031029347972428845, 0.42891770366375465, 1732895906096155319, 
2.1351049571764507, -0.03183661448177647, 0.4279774202146158, 1732895906259013016, 
2.130605371711192, -0.030983442702039454, 0.4270407155606297, 1732895906302013013, 
2.1263058881523658, -0.029330230080282977, 0.4261344144693339, 1732895906405981668, 
2.121917899849053, -0.02895823954046417, 0.42525527731417406, 1732895906496114104, 
2.117490069608976, -0.029386061811299175, 0.424380923840693, 1732895906607005161, 
2.113351176652692, -0.028555743987870308, 0.42351727640738135, 1732895906706014369, 
2.1092783427987305, -0.027372422700818373, 0.4226746392706932, 1732895906806010635, 
2.1050454252904833, -0.02768583787402819, 0.421844996316127, 1732895906896114875, 
2.100901702632684, -0.027922133886821854, 0.42101503138145985, 1732895907056023742, 
2.0969681994187552, -0.026924086239093665, 0.4201943551561282, 1732895907106027016, 
2.0930813967567503, -0.026067686253112104, 0.4193967532538792, 1732895907207012294, 
2.089351361917034, -0.025389458339071247, 0.4186267305395026, 1732895907296114037, 
2.0847745694002127, -0.027689424521792166, 0.41781382187159977, 1732895907456028145, 
2.0791480217689418, -0.03401113382697366, 0.41688493020574585, 1732895907506099378, 
2.0746611530777934, -0.03371138774139748, 0.41590558294979646, 1732895907606012234, 
2.070925566869116, -0.0274081829994192, 0.41498231611439007, 1732895907695664046, 
2.0638755583818438, -0.03595198231983213, 0.4139641518885835, 1732895907806045851, 
2.0495340800174118, -0.0713049561723474, 0.41228901368455806, 1732895907906031456, 
2.04011155371064, -0.07921334890401255, 0.4102347461406597, 1732895908006022028, 
2.0415680167690775, -0.026553544161114218, 0.40874757669980866, 1732895908096935325, 
2.04078489140796, 0.0022444589910660304, 0.4081642974591785, 1732895908206048992, 
2.03121136501433, -0.03452217251582438, 0.40757095154609124, 1732895908306040774, 
2.016477385772683, -0.08102501878425539, 0.4058982428129982, 1732895908407028549, 
2.000262169886952, -0.1031639837579279, 0.40319672804493106, 1732895908496182947, 
1.982358906680332, -0.11372826364117072, 0.3999398974893311, 1732895908606022218, 
1.9651292539217677, -0.11710971988394696, 0.39651668869927015, 1732895908706041956, 
1.9542378399723626, -0.09373688902656478, 0.3934484000382975, 1732895908806048264, 
1.942316316243088, -0.07604312559559882, 0.39077889400914784, 1732895908895443497, 
1.9273412546227622, -0.08965528449866793, 0.38825969405588084, 1732895909006074483, 
1.9150231182834712, -0.09097732653205644, 0.3856453792766214, 1732895909106044686, 
1.9013426320239186, -0.08666207532947852, 0.3829138003286768, 1732895909206046885, 
1.89057472996376, -0.08149462773237026, 0.38046269868474336, 1732895909296584689, 
1.8815482900976253, -0.06598113975431123, 0.3782310434723536, 1732895909406072833, 
1.8730687029594961, -0.05835342334754653, 0.37634611486805875, 1732895909507154679, 
1.8635209454640378, -0.06009114877862487, 0.37454252923474396, 1732895909605069504, 
1.853273719018855, -0.06598327980213685, 0.37265755782949256, 1732895909697433193, 
1.8420902183706411, -0.07143575697798887, 0.37059232552356897, 1732895909806215082, 
1.8313239098373837, -0.0731660306049046, 0.36844585648179196, 1732895909907225536, 
1.823583329038682, -0.06168963110653033, 0.3664664971497804, 1732895910004964129, 
1.8157329570245502, -0.05196984270944505, 0.3647093463933744, 1732895910096001730, 
1.8056301420193135, -0.05984395673122848, 0.36299642853883635, 1732895910205550048, 
1.791326823983053, -0.08135377680499027, 0.3608459948684611, 1732895910307681877, 
1.7753566906233305, -0.10091150465327677, 0.35815424377504645, 1732895910403375962, 
1.7622251147352785, -0.09700569749258185, 0.3552605752894441, 1732895910495296433, 
1.7510882255793, -0.08089488348010117, 0.35257800206252726, 1732895910594152418, 
1.7405176876417023, -0.07235809031192068, 0.35025540186375204, 1732895910705232062, 
1.7292223813299745, -0.07288614749775195, 0.3480552196367318, 1732895910803176401, 
1.7191868089219562, -0.0711029290658205, 0.34592845852624227, 1732895910895689247, 
1.7106993074901635, -0.06174357946603667, 0.34394056651613963, 1732895911056048459, 
1.7031278642242178, -0.053529815659127955, 0.3422009320424225, 1732895911106054526, 
1.6962825765935574, -0.04805576965535371, 0.3406739832205292, 1732895911203058545, 
1.6882295938361185, -0.049660901293664406, 0.3391760023102596, 1732895911296150763, 
1.6795143451877677, -0.05589410468596586, 0.3376017677078295, 1732895911396438799, 
1.6708474189980653, -0.05794058279351052, 0.3359060905347968, 1732895911506050810, 
1.6637872891862502, -0.05242352000505823, 0.3342766035581389, 1732895911602167989, 
1.6563893232697637, -0.048193652427671964, 0.332734935430272, 1732895911695181622, 
1.6482104500877979, -0.051922796994841036, 0.33122580416958747, 1732895911797144113, 
1.6392744865084923, -0.057049455870904854, 0.3295916173244036, 1732895911906056795, 
1.6312608570633107, -0.05649864341495725, 0.32791638624397346, 1732895912003080606, 
1.6230755778364854, -0.05399636224002302, 0.3262407280938859, 1732895912096158403, 
1.6152194514089302, -0.05347135218126834, 0.3246370590872484, 1732895912195179355, 
1.607626534809537, -0.05149681008982757, 0.3230614376036635, 1732895912306086659, 
1.60003872163925, -0.05060243256560071, 0.3215256471905145, 1732895912402075012, 
1.5928980924517215, -0.04909480785938521, 0.32003755659336725, 1732895912496967383, 
1.5845391044718287, -0.05166539055807107, 0.3184983945708533, 1732895912606075780, 
1.5757219125366055, -0.05725393305038665, 0.3168772739640104, 1732895912706064606, 
1.5680604660133923, -0.054928794861454446, 0.3152214322014551, 1732895912808067366, 
1.5611166599059652, -0.048684175435467957, 0.3136599358970642, 1732895912895449468, 
1.5543221765466493, -0.045794298222476826, 0.31223328683106716, 1732895912995575218, 
1.5477389173672609, -0.04459247512901424, 0.310878516921325, 1732895913106070063, 
1.5418164718332694, -0.041685682377932874, 0.30959183771647864, 1732895913208108288, 
1.5356254766414716, -0.040378135752630794, 0.30834539105613346, 1732895913295395884, 
1.529284046965133, -0.041774749560454794, 0.30711506636265823, 1732895913395238042, 
1.5192708155365846, -0.05451553701629012, 0.30561202260954595, 1732895913506098803, 
1.5080220061003067, -0.07087346954942102, 0.3037717912401349, 1732895913607053097, 
1.4984762693498874, -0.06931515395565728, 0.30171793939911856, 1732895913695437350, 
1.4955988801967286, -0.0414104196785936, 0.3001398103764615, 1732895913856096795, 
1.4924159956437262, -0.02020091235387082, 0.29909940967935617, 1732895913906098639, 
1.4838378558618621, -0.03920341444955492, 0.2981235154468211, 1732895914007102063, 
1.4760024965865823, -0.05471166352381281, 0.29681708987281136, 1732895914095914511, 
1.4697665005016574, -0.046904517867349206, 0.29530712353000677, 1732895914206660967, 
1.4638702678531272, -0.04044076244485032, 0.29397595099609114, 1732895914302103616, 
1.455675091313476, -0.046971363960604716, 0.2926207906445507, 1732895914401122285, 
1.4455134904601905, -0.06118925797645577, 0.2910039233084529, 1732895914495576999, 
1.433400675649352, -0.07424805221374638, 0.28897261716153455, 1732895914607678768, 
1.4203139569365293, -0.08399844507887073, 0.28661520820307146, 1732895914706094919, 
1.4108581366505608, -0.07514179666263739, 0.2843048512824295, 1732895914807100069, 
1.4057690479855696, -0.04848302983653241, 0.2824627427715106, 1732895914895276509, 
1.398374166559101, -0.0416132336381995, 0.2810000900796821, 1732895914996106368, 
1.3888300853192874, -0.05646320888760714, 0.2795315533242639, 1732895915106102619, 
1.3798755036863843, -0.06166220957572207, 0.2778053170376515, 1732895915207109647, 
1.3689786649989617, -0.06617140106775239, 0.27584561693364223, 1732895915315663049, 
1.3601818933944159, -0.06564536763989492, 0.27393573747198413, 1732895915406668516, 
1.3540342987228293, -0.0498145542537746, 0.27221299047441383, 1732895915506117906, 
1.3482670088933084, -0.03971628167035816, 0.27083221340070357, 1732895915607119062, 
1.345691007653148, -0.027810970232270787, 0.26986615435128575, 1732895915695309041, 
1.3500104603550294, 0.005811504872403154, 0.2695978984600991, 1732895915807114255, 
1.358669994118852, 0.04326328821901315, 0.2702914308084686, 1732895915906121999, 
1.3619014486107552, 0.039636627519086254, 0.27137212687230916, 1732895916007089040, 
1.3503910178113598, -0.02759658769164064, 0.2713974973693978, 1732895916096578300, 
1.3358258742278948, -0.08691858127620151, 0.269874556043334, 1732895916206492822, 
1.3268835817205205, -0.07835812030279794, 0.267540031583985, 1732895916307126169, 
1.3202635879057376, -0.051874287740523904, 0.26553153625694353, 1732895916407120007, 
1.3124072168395615, -0.04825454960319645, 0.2639702924310547, 1732895916497658251, 
1.3055277165773074, -0.049119571094767465, 0.2625465680881737, 1732895916606501423, 
1.3009715226031746, -0.03811898078795636, 0.26126043040133623, 1732895916707126731, 
1.298010325914046, -0.02505796887753764, 0.2603006376729685, 1732895916807123494, 
1.2935268184039814, -0.024815680663977286, 0.2595005777947468, 1732895916896620098, 
1.2934492478522128, -0.01520359353944419, 0.25899909281134936, 1732895917056136792, 
1.2944464217369824, 0.003065344443336689, 0.2587614991995451, 1732895917107139440, 
1.2909931719290717, -0.008186919743803736, 0.2585925894345511, 1732895917207131306, 
1.2849624460401474, -0.03161325232278337, 0.2580268026470801, 1732895917297028953, 
1.275799064086274, -0.05064702614265911, 0.25678364547036625, 1732895917406310518, 
1.264754821766146, -0.06735874758000489, 0.2550344221261711, 1732895917507139178, 
1.2543225405916867, -0.07158841164862428, 0.2529917617629404, 1732895917607132630, 
1.2451103964566355, -0.06548141769836831, 0.2509458505876312, 1732895917697105821, 
1.2360644054056462, -0.0608604506201349, 0.2490331561635979, 1732895917807158157, 
1.2276804802558678, -0.058099720669225384, 0.24725701880787662, 1732895917907142141, 
1.2203356055975283, -0.052429332693726405, 0.24560536608393613, 1732895918006137955, 
1.2137102222392813, -0.046567526721955264, 0.2441150872061785, 1732895918099109323, 
1.2060988320352446, -0.047455911874279, 0.24267631065813694, 1732895918207439732, 
1.19706664360477, -0.05547859544837053, 0.2411250465252864, 1732895918308310646, 
1.1900357122884588, -0.053543732489285865, 0.23954674586189825, 1732895918404288296, 
1.1872069280393476, -0.03286571855140844, 0.2382872855955051, 1732895918498110313, 
1.1831575970302952, -0.0229270508605454, 0.23736001582387345, 1732895918594638220, 
1.1762973626465185, -0.036365217976096854, 0.23644412584774407, 1732895918707242858, 
1.1704080340962055, -0.04249854311363229, 0.23532419958486797, 1732895918804430649, 
1.1653586626791137, -0.03646233322468273, 0.23413760396145586, 1732895918897116887, 
1.1599841301894551, -0.0347463463558347, 0.23305005513098495, 1732895918994284438, 
1.155723023489269, -0.03211879729948223, 0.2320710544238559, 1732895919107151749, 
1.1511694674720017, -0.029382209058178194, 0.23112510807671505, 1732895919204738856, 
1.146214883179986, -0.0316938010309431, 0.2302071582760838, 1732895919297125248, 
1.1424340483042557, -0.029118063892486685, 0.22932122659708287, 1732895919393354998, 
1.139272808942371, -0.023140247458717234, 0.22852811602844086, 1732895919506409560, 
1.1360168823740402, -0.021390553100718208, 0.22784824930804443, 1732895919603318851, 
1.1325093283867733, -0.02254493518532537, 0.22718660131354565, 1732895919696575130, 
1.128560406457572, -0.02485491972156047, 0.22647244114789236, 1732895919857147792, 
1.124425704803046, -0.026945411945757947, 0.22569969597649273, 1732895919906258072, 
1.1210212894082703, -0.02513039016433923, 0.2249338267112592, 1732895920004146406, 
1.1183468820066924, -0.02026274265451174, 0.22425292508120057, 1732895920096249866, 
1.1153135043698905, -0.01902595012793255, 0.22364544505232353, 1732895920197250328, 
1.11207788606899, -0.020896653125674902, 0.22304921816303816, 1732895920307150247, 
1.1084761642881455, -0.022791133605816565, 0.22239117031513503, 1732895920403152437, 
1.1053859998779316, -0.02230628730352772, 0.2217293366823378, 1732895920496281942, 
1.102806336225568, -0.018899426875258474, 0.221111233359443, 1732895920607058259, 
1.1002168647963593, -0.017230450271907838, 0.22056061339332392, 1732895920706169958, 
1.0974607472961606, -0.017818629764691323, 0.22003226322120586, 1732895920802195765, 
1.0943883116455406, -0.01942851050272883, 0.21947106158253735, 1732895920896210779, 
1.091442181788341, -0.020061885026065134, 0.21888608271533616, 1732895921056178482, 
1.0893188377519492, -0.016898246311971565, 0.21834328874572204, 1732895921106186378, 
1.0874864901242856, -0.013185638880185055, 0.21788316731097174, 1732895921209159802, 
1.0854117920054855, -0.01302348582154537, 0.21748114132544802, 1732895921296175077, 
1.0829640384619825, -0.01507483887434343, 0.21705748803945024, 1732895921406872210, 
1.0806970051064457, -0.015715956330132713, 0.2166048557049276, 1732895921506172697, 
1.07882251096013, -0.013805091672841977, 0.21616557030190386, 1732895921607164598, 
1.0770405902538727, -0.012188049508576881, 0.21577067375469655, 1732895921696243956, 
1.0754793592575453, -0.0111438390086153, 0.21542283069810317, 1732895921796204905, 
1.073896936450495, -0.010478846011258517, 0.21509445906412752, 1732895921906187340, 
1.0723260979518279, -0.010510871019058232, 0.21478015957732455, 1732895922007207564, 
1.070842827894979, -0.010180361851720074, 0.2144710574864868, 1732895922096214498, 
1.0695323998294362, -0.009312327074639063, 0.2141800883784162, 1732895922196456367, 
1.0683141078241283, -0.008429066902836032, 0.21391262236990288, 1732895922306198389, 
1.067102932015546, -0.008098226046300283, 0.21366329597794068, 1732895922402185960, 
1.0659423951376439, -0.007905708954947984, 0.2134239623318212, 1732895922500209471, 
1.0649280063561728, -0.007249752197910908, 0.21319822223395749, 1732895922592447632, 
1.0638965413214105, -0.006819512720777817, 0.21298446285434847, 1732895922702201943, 
1.0628950878480754, -0.006776395026991307, 0.21278130903504391, 1732895922802199190, 
1.0619539084911143, -0.006475442767654253, 0.21258303584404004, 1732895922896229418, 
1.0611475141428786, -0.005825245683989492, 0.21239976736547123, 1732895922996303584, 
1.060397419030359, -0.005188298202517909, 0.21223325611095678, 1732895923106201233, 
1.059736373755141, -0.004703801292458287, 0.2120854204618919, 1732895923206214431, 
1.0591184946107564, -0.004263081398675113, 0.21195015249308374, 1732895923296250050, 
1.0585314167378999, -0.00401652339080405, 0.2118257523402531, 1732895923396606720, 
1.058030741016972, -0.003625845312614414, 0.21171204349104186, 1732895923506210112, 
1.0576041951032278, -0.0030907387822402357, 0.21161109019053997, 1732895923606202117, 
1.0571916780717643, -0.002796876484025823, 0.2115217742794643, 1732895923696256822, 
1.0568319848498398, -0.002574034177960094, 0.21144185720165543, 1732895923796499595, 
1.0565377863061305, -0.0021796392187793203, 0.21137076328184898, 1732895923906262348, 
1.0561195119424205, -0.002374909691397568, 0.2112992855398927, 1732895924006205320, 
1.0557272767727346, -0.0027016984446529926, 0.21122563833475236, 1732895924096317636, 
1.0565494473069743, 0.00143311788184608, 0.21122641573480863, 1732895924206702344, 
1.0578654192800834, 0.007127141691162612, 0.21134280955731946, 1732895924306217074, 
1.0574070619281029, 0.0028587154037618134, 0.21145479523434402, 1732895924406218957, 
1.0534963862002855, -0.01456344359932619, 0.21125125782723145, 1732895924496269331, 
1.0470913242648368, -0.034385792210887, 0.210532984826215, 1732895924606591010, 
1.0405140085795606, -0.043274592069083205, 0.20940678126964551, 1732895924706224259, 
1.0327260364058677, -0.047884292863230225, 0.208022091283351, 1732895924806221864, 
1.0259145077628564, -0.04866500272234712, 0.2066103035165523, 1732895924897271800, 
1.0196582467993542, -0.043559298688378156, 0.20521991939787185, 1732895925006510236, 
1.0070064825167058, -0.06302675082050217, 0.20350528247192778, 1732895925106216738, 
0.9971896280368897, -0.07489539587488177, 0.20159029049019667, 1732895925206216701, 
0.9887596564229504, -0.06082275364585129, 0.19953038446510304, 1732895925297192299, 
0.9781400963568587, -0.06349843893343661, 0.19760595872111325, 1732895925406445643, 
0.9715772673528587, -0.0572746302336391, 0.19589846800884453, 1732895925506230219, 
0.96755534456126, -0.035282505985329005, 0.19448484721806517, 1732895925606201674, 
0.9584036868936305, -0.04391193486409373, 0.1931690865871833, 1732895925697196451, 
0.9434149767653165, -0.08046789265314509, 0.19129160054801378, 1732895925806408094, 
0.9246787927018497, -0.11241631397260272, 0.18843316375738645, 1732895925906237571, 
0.9083577513730599, -0.1168574179741888, 0.18509676805601505, 1732895926006228352, 
0.9061389940481528, -0.06179932884565642, 0.18261170254153747, 1732895926096195884, 
0.9165953579539727, 0.02745868860304294, 0.182072806891679, 1732895926206636899, 
0.9278909861132542, 0.07250664021700455, 0.1833750225410253, 1732895926306239741, 
0.9296002032151655, 0.04334948420397574, 0.1849391031521595, 1732895926406231471, 
0.922932825956027, -0.01652720052409055, 0.1853616010189631, 1732895926497203855, 
0.91362516188561, -0.05325013776518469, 0.18441054607045348, 1732895926606497352, 
0.8980331379677677, -0.08299895996086419, 0.18230607505396032, 1732895926709241778, 
0.8818833961263415, -0.10580588586422857, 0.17956944639864791, 1732895926805238326, 
0.8686591334209237, -0.09791334848948008, 0.17657171116766884, 1732895926897205471, 
0.8575155629057526, -0.08122611073529629, 0.17387053949686787, 1732895927007290416, 
0.8461324108113513, -0.0750890753652415, 0.17148714047586852, 1732895927107411080, 
0.834469105473828, -0.0768215247730819, 0.16920780527939544, 1732895927205389739, 
0.8216160215075797, -0.08172129767923846, 0.16681450251951727, 1732895927296208573, 
0.8102475440608479, -0.08073853804326718, 0.1644221780694837, 1732895927406815493, 
0.8012513568291041, -0.0678822155949188, 0.1622076614931688, 1732895927506755747, 
0.793447059374497, -0.056001615621169565, 0.1603297306842966, 1732895927604731008, 
0.7851601266452722, -0.05363743394610617, 0.1586572361899249, 1732895927696215574, 
0.776267294162181, -0.05726588404105337, 0.15699163201213, 1732895927794601093, 
0.7665988311090075, -0.06187098512088244, 0.15520175012776402, 1732895927906254016, 
0.7565417274912846, -0.06575188890298807, 0.15329385685083152, 1732895928004808013, 
0.7464635284288322, -0.06711767560058424, 0.15130693913527493, 1732895928096247128, 
0.7361764415961696, -0.06788428631704997, 0.1492787798344191, 1732895928206924669, 
0.7259778339324084, -0.06828564832141264, 0.147241186930494, 1732895928306378580, 
0.7154764837911013, -0.06899985935022761, 0.1451753839546453, 1732895928403451104, 
0.7037941490771271, -0.07394561618427109, 0.1430165644533758, 1732895928496735908, 
0.6931509218138366, -0.0744185399242155, 0.140828103645471, 1732895928606166374, 
0.6844091142937117, -0.06461678261138488, 0.1387569456789784, 1732895928706251840, 
0.6752941359325342, -0.05952261960434154, 0.13685694480267216, 1732895928803247333, 
0.6652489965322158, -0.06386705920498614, 0.1349968164505641, 1732895928896262107, 
0.654937909627771, -0.06785408768254397, 0.13303206947283475, 1732895928997637355, 
0.6462787825222619, -0.06323404669984638, 0.13109771257881656, 1732895929106250816, 
0.6380088790835438, -0.05643010181409077, 0.12928170474890513, 1732895929202253419, 
0.6281606700592847, -0.0603937082099241, 0.12749655544433935, 1732895929296375381, 
0.6189636802717176, -0.06348399603942068, 0.12567554862763639, 1732895929397552967, 
0.6093092458438619, -0.0628380807180758, 0.12376223974499094, 1732895929506258050, 
0.6016972595104646, -0.05755473587084318, 0.12199801237506959, 1732895929602285561, 
0.5942147331640061, -0.05031504226618614, 0.12034808256788884, 1732895929697333616, 
0.58501668114598, -0.055601927881615186, 0.11872857825469672, 1732895929796483616, 
0.5754965610966417, -0.062393906891214566, 0.11698186502710851, 1732895929906285357, 
0.5659912732746746, -0.06341802623768489, 0.11510030103448643, 1732895930008258447, 
0.556016700017704, -0.06493287026312577, 0.113166968959268, 1732895930096308428, 
0.5467261865071915, -0.06421695589161021, 0.11124894398663801, 1732895930196688789, 
0.537217325550111, -0.06266458155864314, 0.10933068080500041, 1732895930306269102, 
0.5275079147407622, -0.06406090588809772, 0.10743009511987098, 1732895930406264123, 
0.5186242668357883, -0.06197686238107569, 0.1055566338084441, 1732895930496364598, 
0.5096398163091961, -0.059560328105220384, 0.1037181331923831, 1732895930596724980, 
0.5000005638442004, -0.06207900997195962, 0.10188430979927898, 1732895930706287244, 
0.4904950901259008, -0.06381575394431756, 0.10000903135195315, 1732895930807295051, 
0.4818159639413298, -0.060615333009568784, 0.09815410786076206, 1732895930896331119, 
0.47270596823892563, -0.05929707295658393, 0.09633446815374375, 1732895930997142093, 
0.4613810381875398, -0.06811641917930007, 0.09439353135785301, 1732895931106297939, 
0.4492048064955149, -0.07833720581136905, 0.0922194541947987, 1732895931207275369, 
0.4382675398841904, -0.07704499434449785, 0.08992355897114968, 1732895931296330784, 
0.4280180578942996, -0.07062249533738445, 0.08769936028493366, 1732895931396829118, 
0.4178045768729287, -0.06820987670420571, 0.0856060116434279, 1732895931503301266, 
0.4070722859395798, -0.06981923984906602, 0.08352632804712054, 1732895931607278847, 
0.39504911986313346, -0.07585152336598418, 0.0813283988450428, 1732895931700342160, 
0.3822524474569221, -0.08273279494219225, 0.07895825688397569, 1732895931792134268, 
0.3712715734291176, -0.0792584881133862, 0.07657154271661155, 1732895931906302785, 
0.36246457479035, -0.06595957555524039, 0.07439923971175931, 1732895932007274237, 
0.3543173574739611, -0.056514053183855016, 0.07253690037956191, 1732895932097359092, 
0.34656410942482513, -0.05300155121841621, 0.07088973611260908, 1732895932196476020, 
0.33876641173832994, -0.05183648578543717, 0.06930985857580774, 1732895932306306875, 
0.33108430792187876, -0.051599338343154555, 0.06776098860566893, 1732895932407323256, 
0.32347986718613186, -0.05095514850732693, 0.06622203912308937, 1732895932496372346, 
0.31583440221218245, -0.050833019032321035, 0.06469323848801287, 1732895932596560903, 
0.30797879857634025, -0.051670228699305376, 0.0631528711983103, 1732895932706315232, 
0.3004900448813719, -0.05114785776936859, 0.06162021637799297, 1732895932807274033, 
0.29319127119544824, -0.04929175793630669, 0.06011067431021069, 1732895932896378707, 
0.2858074028734332, -0.048942140026462244, 0.05863258126335023, 1732895932996813218, 
0.27886689114531515, -0.04774793350044363, 0.057191037680946445, 1732895933106455887, 
0.2728739457474638, -0.043111523753231275, 0.05583654931774748, 1732895933207301952, 
0.26728569679625797, -0.03860398116352396, 0.05460176891260247, 1732895933296385628, 
0.26107604271083085, -0.039326343455443245, 0.05341571235030351, 1732895933407450722, 
0.254544666580539, -0.042470100719063285, 0.052193760405841845, 1732895933506322754, 
0.24785993419991548, -0.044053695036384566, 0.050898709566085686, 1732895933607314045, 
0.24159067677597276, -0.04317996601522073, 0.04959968517042848, 1732895933698385491, 
0.23551911170377973, -0.04113607498711915, 0.048331314845311196, 1732895933796348195, 
0.22966420746230484, -0.0397548977122264, 0.04711826639613716, 1732895933906328200, 
0.22410730926075836, -0.038039341476737897, 0.04595270856178953, 1732895934007319293, 
0.21878676665720506, -0.036258136016999266, 0.04483721889201788, 1732895934097286021, 
0.21360169896883824, -0.035018700973067085, 0.043766384992453444, 1732895934207320141, 
0.20863882839338752, -0.03382646087939182, 0.04273515293462872, 1732895934307330905, 
0.20384401606617436, -0.03252560967554626, 0.041738969561893345, 1732895934407321278, 
0.19862315968305871, -0.03338556236776267, 0.040740400276174704, 1732895934497292848, 
0.19353797024923736, -0.03435348605645668, 0.03973367639989803, 1732895934607356913, 
0.18911836111728347, -0.03168266188591747, 0.03875196606997197, 1732895934707552840, 
0.18440547989780276, -0.03044163450478199, 0.0378041207509549, 1732895934807331844, 
0.17982419592848098, -0.030980550629341647, 0.03688986912957115, 1732895934897295247, 
0.17589688848713173, -0.02836197136890345, 0.03600843762089436, 1732895935007429441, 
0.17192370295667272, -0.02633497657269418, 0.03517631915815236, 1732895935108357824, 
0.16802217544718837, -0.026249043466477866, 0.03438951779273285, 1732895935206332521, 
0.16406443449977315, -0.026197561522998587, 0.033600687526908944, 1732895935298299343, 
0.1602053912578763, -0.026055947297706866, 0.032819466746989184, 1732895935408618388, 
0.15625631399486223, -0.02602706834970307, 0.03203507598350078, 1732895935509345465, 
0.1521614735690798, -0.026813058962655012, 0.03124154525478789, 1732895935605334555, 
0.14882905626502899, -0.024757525766110806, 0.030483122921931397, 1732895935698308869, 
0.14584304054191843, -0.02106144342387123, 0.029788904691735146, 1732895935795249459, 
0.14239328681520336, -0.021452564832752097, 0.029137692241476717, 1732895935907349408, 
0.13898752925184152, -0.022851704300256386, 0.028481590440597556, 1732895936005488931, 
0.13588785986948582, -0.021684756485725137, 0.027817911729102047, 1732895936097310809, 
0.13275194084131775, -0.020785294701745893, 0.02717515533084301, 1732895936195414488, 
0.12939294865929724, -0.021649704033961936, 0.026535516624673388, 1732895936307890843, 
0.12634227335310308, -0.021365558294048903, 0.025899144190247872, 1732895936404788015, 
0.12367725779942292, -0.019052302866247733, 0.025294165320788212, 1732895936497344440, 
0.12091285530458254, -0.018098060161735135, 0.02472882576380724, 1732895936595110658, 
0.11775316341732642, -0.019746981273654995, 0.02415621843475546, 1732895936707479352, 
0.11418139490317922, -0.022438201338011072, 0.023523160908339214, 1732895936804369157, 
0.11128574683796012, -0.021558055264554316, 0.02288135367723105, 1732895936897337075, 
0.10855457392316431, -0.018756069933383024, 0.022268114377620243, 1732895936998678186, 
0.1053824400452829, -0.01967768930892409, 0.021681517387093823, 1732895937107587046, 
0.10257631823738114, -0.01992751895261056, 0.02110088881372189, 1732895937203638429, 
2.748722904614166, 8.811134881896276, 0.19711211085978866, 1732895960148647799, 
2.7487269916706873, 8.820502244777686, 0.37333508096814894, 1732895960308735267, 
2.7487251194233457, 7.382697265375289e-06, 0.5497450010472134, 1732895960408626206, 
2.748725104044845, -6.292086141002073e-06, 0.5497451476759252, 1732895960499670736, 
2.7487268838969685, 5.881578742557754e-06, 0.5497451404910106, 1732895960598635461, 
2.748727890259854, 9.28738336310649e-06, 0.5497453252134445, 1732895960710639455, 
2.7487180304865313, -2.9511368124050346e-05, 0.5497448536428903, 1732895960807662170, 
2.7487278708984517, -6.453800753073817e-08, 0.5497449194429891, 1732895960899675639, 
2.74880750979584, 0.00029826436436231063, 0.5497502274120549, 1732895960997745085, 
2.7485821455241406, -0.0004857512477037436, 0.5497411684145621, 1732895961110634751, 
2.747461808319104, -0.00448567158911987, 0.5496567642426057, 1732895961207639361, 
2.7422758571486625, -0.021020961251593622, 0.5492213207327938, 1732895961298681951, 
2.739680090333476, -0.02593905995209293, 0.5486278503867494, 1732895961396413157, 
2.7286504776818514, -0.04541793155603694, 0.5473737616775993, 1732895961509640805, 
2.7207739259866317, -0.06302054782281481, 0.5459402996001307, 1732895961606642539, 
2.708521563029346, -0.06709638217501812, 0.5438630644465219, 1732895961698676979, 
2.7108821805988335, -0.03297248462599415, 0.5426785113076541, 1732895961796232827, 
2.710047479118641, 0.005086386964316958, 0.5419634148497879, 1732895961908644286, 
2.7036317504947593, -0.024168100346913707, 0.5416374273474822, 1732895962006647508, 
2.6964314203078525, -0.04538686270262845, 0.5406740433280836, 1732895962098579032, 
2.6832565775559405, -0.06791724312939618, 0.5388879832239035, 1732895962196419404, 
2.670689251548786, -0.0858072291968881, 0.5366918166275052, 1732895962308651623, 
2.6617576746791456, -0.07166300958931633, 0.5343802335855914, 1732895962405637656, 
2.653453420324198, -0.0574527707486272, 0.5323933564368086, 1732895962498585629, 
2.6466635006653854, -0.05031391337920077, 0.5307916397112485, 1732895962599806231, 
2.640044877215448, -0.04469514369583353, 0.5293441198803354, 1732895962708805825, 
2.630640796139565, -0.05340901508606777, 0.5278232782680266, 1732895962805725126, 
2.6215181589800953, -0.061755727451175225, 0.5261469221556738, 1732895962898621412, 
2.6207035050264698, -0.03312430371031757, 0.5248574973430754, 1732895962999410358, 
2.621226117050762, -0.0009734730977776588, 0.5242298520704884, 1732895963108974337, 
2.613521421415335, -0.023940278703782347, 0.5236967362328377, 1732895963204845964, 
2.602815508918468, -0.06136869377431372, 0.522504203158971, 1732895963298853886, 
2.5922991614918662, -0.07074086641156274, 0.5205757394550445, 1732895963399382688, 
2.5838740129287543, -0.06313831996571206, 0.5185992455559392, 1732895963508284290, 
2.5775626886057146, -0.049121576287172175, 0.5169157242017557, 1732895963604165733, 
2.570400757340083, -0.04491085196223802, 0.5154558305916368, 1732895963698389209, 
2.563579614663188, -0.04661024647508801, 0.5141028707072657, 1732895963798477242, 
2.557301193530818, -0.04366521269755008, 0.5127521043689393, 1732895963908887233, 
2.5505572448322633, -0.04340789943641621, 0.5114292035350846, 1732895964010772767, 
2.543842775207935, -0.0448613944096099, 0.5101134142380678, 1732895964098851465, 
2.534360306388788, -0.05398979481158417, 0.5085840217619324, 1732895964198764659, 
2.5252760796548666, -0.06188898517689445, 0.5068986107501059, 1732895964308653741, 
2.5182870979692655, -0.05357736139840844, 0.5051948989341947, 1732895964409652218, 
2.5124734263158923, -0.042675511129914113, 0.5037357735960016, 1732895964498824455, 
2.504258813343251, -0.04676094875338155, 0.5023346225085605, 1732895964598167734, 
2.495594511232711, -0.05626305027727133, 0.5008217833927903, 1732895964708658362, 
2.488712742672651, -0.051820235568666995, 0.4992377378165742, 1732895964809680238, 
2.487287242080306, -0.02769089717468365, 0.49810629973237786, 1732895964898927007, 
2.487435310174886, -0.004258108325883765, 0.4975623529951895, 1732895964998523513, 
2.4821563178762656, -0.01710308068013422, 0.4971252580087638, 1732895965108869322, 
2.473927613659862, -0.045025655050080125, 0.4962346161140676, 1732895965209683586, 
2.466462012169901, -0.052314352354548475, 0.49483639624706854, 1732895965299785759, 
2.4575005007068143, -0.05475704317682517, 0.49319267510243847, 1732895965398958587, 
2.448806348831847, -0.058852211126847465, 0.49151792411390405, 1732895965508738314, 
2.4423301376102473, -0.05056787698855647, 0.48990913247659384, 1732895965609662485, 
2.435219217881109, -0.045290436502458675, 0.4884237136215469, 1732895965698795170, 
2.4278102077090424, -0.04839976633734958, 0.48702397088002664, 1732895965798952162, 
2.422729293073365, -0.04163308269248045, 0.4857172479109011, 1732895965904692034, 
2.4194558080690043, -0.027847998800127154, 0.48466635392342744, 1732895966008669030, 
2.4216901628740253, -0.0034637673311325536, 0.4842583509344263, 1732895966098835426, 
2.424574896770421, 0.017063629004721765, 0.48438139118089674, 1732895966198822051, 
2.4244260400613524, 0.009119590624423838, 0.48471273998038655, 1732895966308695309, 
2.420055278336491, -0.015065394779766686, 0.4846037476778843, 1732895966409698381, 
2.415705580718972, -0.02906819780793472, 0.484012459941121, 1732895966498665429, 
2.4134336406717454, -0.022072125549151462, 0.48327963331514723, 1732895966598963362, 
2.409825470188755, -0.019600368434056215, 0.48259764610529815, 1732895966708886433, 
2.4043924594486685, -0.03013727074358948, 0.48184343802061125, 1732895966808677068, 
2.397016069617084, -0.04269800190557079, 0.4807489332836339, 1732895966898851538, 
2.388180684924089, -0.05403924841526445, 0.47930594759932277, 1732895966998853671, 
2.380978841638893, -0.053457426593969494, 0.4777450397453377, 1732895967108702683, 
2.375920132729062, -0.040868507316756585, 0.47633864395280295, 1732895967209683550, 
2.3704265840356107, -0.03517419201094126, 0.4751550372269044, 1732895967298639262, 
2.364449083264884, -0.03823683154726106, 0.4740530533353038, 1732895967398709407, 
2.3586889459046425, -0.03912546043656059, 0.47290430754700913, 1732895967508706288, 
2.3519781362447474, -0.04156982340045504, 0.47167441102761826, 1732895967609707743, 
2.346999110598445, -0.03896611768732535, 0.4705110795165223, 1732895967700640339, 
2.339629792351119, -0.041161146312094964, 0.4692404692796207, 1732895967799486461, 
2.3287644465151813, -0.06078221361087858, 0.4676928899643163, 1732895967908736673, 
2.3163662060608834, -0.07754528763411835, 0.4656506963284789, 1732895968009713349, 
2.309434151145387, -0.0644343178993149, 0.4636376535814301, 1732895968099639683, 
2.3082026975953487, -0.027211694885115694, 0.4622668703201079, 1732895968198545465, 
2.297792489186539, -0.03880553986282583, 0.461028622528485, 1732895968308717972, 
2.282997357760789, -0.08401779944853249, 0.45926616963617845, 1732895968408717886, 
2.2713824174113415, -0.08803357258399203, 0.45681148429057794, 1732895968498647129, 
2.255363190027662, -0.09211389244375627, 0.4539828643466528, 1732895968598467974, 
2.238073856177571, -0.11102853744590153, 0.45098796424110504, 1732895968709722043, 
2.2233136304785157, -0.10683186516382115, 0.4477833784455833, 1732895968808725958, 
2.2071553509569237, -0.10306168406882439, 0.444569522507534, 1732895968899780822, 
2.1895592567525948, -0.11251457908640312, 0.44133521587920227, 1732895968998714879, 
2.1775152941902918, -0.0988001892221065, 0.43828199345998736, 1732895969108857337, 
2.1682042201381937, -0.07118345538133693, 0.4356852514054053, 1732895969208728558, 
2.1574839149356997, -0.06677126418197361, 0.433546895284279, 1732895969299663825, 
2.147794257775092, -0.06803320787700518, 0.431565492856599, 1732895969397944380, 
2.1391249807486696, -0.061196447290100174, 0.42962687689729745, 1732895969511980467, 
2.129710343659969, -0.06027971371707667, 0.4277753054789154, 1732895969607731655, 
2.120200067122089, -0.06308304542193592, 0.4259356927687152, 1732895969700664338, 
2.110770680474345, -0.06313221061874745, 0.4240454060837602, 1732895969797784758, 
2.1049049376553453, -0.050983764889145355, 0.4223917123501186, 1732895969910735572, 
2.098460404610944, -0.041034252878002775, 0.4209424015160423, 1732895970007736902, 
2.088796297201427, -0.05369546817972785, 0.4194774426311811, 1732895970098669063, 
2.077019197368004, -0.07147069080979988, 0.4176183932786917, 1732895970197811132, 
2.065874663464355, -0.07640544579023967, 0.4154460105355857, 1732895970309742896, 
2.057882695005725, -0.06378834120759642, 0.41338510372253895, 1732895970406741050, 
2.0508120444886186, -0.050208729919121176, 0.4116379601972466, 1732895970498674063, 
2.0412781120952324, -0.05534860970164276, 0.4099981901059717, 1732895970596209709, 
2.0304833099231594, -0.06776244855153084, 0.40817156443380065, 1732895970708743141, 
2.019365825058756, -0.07304095678825433, 0.4060751498051432, 1732895970806745755, 
2.0099904011400818, -0.06830969594359211, 0.40398930240813313, 1732895970899861246, 
2.00357312899365, -0.05264232021702083, 0.4021952903461658, 1732895971001796092, 
1.9968086953810065, -0.04393901919691764, 0.40069148170098257, 1732895971109751373, 
1.9855708443528175, -0.060007615469441035, 0.3990635112484983, 1732895971206751120, 
1.9722531576312468, -0.08185179249919905, 0.3969755131576714, 1732895971299680971, 
1.9595887599701873, -0.08660694794210055, 0.3944941841302834, 1732895971400906418, 
1.9456928309780281, -0.08853442217739538, 0.39183564990529746, 1732895971509922889, 
1.9333471399585922, -0.08747206670531711, 0.3892419153937871, 1732895971605887301, 
1.922418132804422, -0.07758232724535352, 0.3867638735827362, 1732895971699795972, 
1.911481442491227, -0.07288565822455073, 0.38448311435028276, 1732895971799509020, 
1.9000876360560615, -0.0744349891612021, 0.382265814090114, 1732895971908192853, 
1.8889621907246446, -0.07506417255527476, 0.3800354179514622, 1732895972006144523, 
1.879636666041563, -0.06816990004832786, 0.37791243285481796, 1732895972100039793, 
1.8694203957170192, -0.06513931669208439, 0.37586795016554847, 1732895972199844682, 
1.8570755695679313, -0.07520365491210601, 0.3737421754217676, 1732895972309769441, 
1.8445626025698736, -0.08285931049048549, 0.37140390452365496, 1732895972404301587, 
1.8332660288032971, -0.07936513588211384, 0.36899361339607345, 1732895972499720188, 
1.8231962900784584, -0.07122104163805061, 0.3667349947634419, 1732895972599861056, 
1.8125397354505175, -0.06908764450926548, 0.3646001369554849, 1732895972709469364, 
1.8006096059189773, -0.07528894719827021, 0.3624230420965302, 1732895972810926482, 
1.789219107355574, -0.07773542698314466, 0.36015789658167124, 1732895972899885206, 
1.778647676473143, -0.07320643148611472, 0.3578984259831796, 1732895972999904064, 
1.7671740721441251, -0.07348345070482987, 0.35566939039818946, 1732895973109757719, 
1.755449881056007, -0.07732598472378616, 0.353418108644885, 1732895973209751581, 
1.7436226953582994, -0.07850458928608584, 0.35108310990389546, 1732895973299733965, 
1.7326453549190615, -0.07601508712315204, 0.3487811954222245, 1732895973399919509, 
1.722862481247086, -0.06920071370404439, 0.3466087021016298, 1732895973510055241, 
1.7134179315281193, -0.06409141130314062, 0.3445950511796178, 1732895973609798940, 
1.7032241914429624, -0.06546096601374544, 0.3426336402812112, 1732895973699735991, 
1.6928808231561248, -0.06845702790664838, 0.3406348630751471, 1732895973795360358, 
1.6829511464832787, -0.06757681653227914, 0.3386037440721577, 1732895973905907376, 
1.6732440725600277, -0.06545583532032347, 0.33660506947996205, 1732895974005785373, 
1.6630685306116588, -0.06627538623873293, 0.33461758331033103, 1732895974099740041, 
1.6529083104154114, -0.06778587381538766, 0.3326147275724732, 1732895974194762060, 
1.6426193386750805, -0.06816397312192783, 0.33057307864681007, 1732895974305957459, 
1.6321159419698739, -0.06930789481845852, 0.3285095727373577, 1732895974409762045, 
1.6222144428830327, -0.06801631930682579, 0.3264633149018658, 1732895974499745080, 
1.6125568654853422, -0.06519692161510567, 0.3244591500225499, 1732895974600075374, 
1.6024986818838598, -0.06571920333057646, 0.32248466601681564, 1732895974709773044, 
1.592251856815263, -0.06768336223359706, 0.32048716027896434, 1732895974809769039, 
1.5814926128500475, -0.07002023011270768, 0.31841621010327803, 1732895974899783871, 
1.5703699568607077, -0.07293966651518453, 0.3162742951017345, 1732895974999567886, 
1.5596252787527245, -0.07289111365774333, 0.3140991898975653, 1732895975109795036, 
1.5494274864511663, -0.06980823469847112, 0.31196151480430656, 1732895975209798268, 
1.5394626372533162, -0.06720880499802757, 0.30990102683048043, 1732895975299751466, 
1.5293224837236143, -0.06701667575850667, 0.3078808404952065, 1732895975399442393, 
1.5190557545841779, -0.06802294223046124, 0.3058560583707406, 1732895975450123712, 
1.5093199858319761, -0.06667499297212738, 0.30384654827598456, 1732895975609800500, 
1.5000022170062912, -0.0635117919262888, 0.301891863828163, 1732895975699729213, 
1.490475158596174, -0.06281609078600721, 0.29998649076229605, 1732895975749775291, 
1.481030581369149, -0.06323878545714108, 0.29810053046477425, 1732895975909879704, 
1.4718808493019908, -0.06198103098061051, 0.2962257726178209, 1732895976009785715, 
1.462614647382162, -0.06138644662328977, 0.2943684052035535, 1732895976100846479, 
1.4532538959176433, -0.062089844614491664, 0.29251662617345303, 1732895976200154965, 
1.4438207908626643, -0.06264618839832536, 0.2906459556108313, 1732895976309994027, 
1.4343194052956751, -0.0631149687398939, 0.28875960613839885, 1732895976409811324, 
1.4247636450199954, -0.06352381947556311, 0.28686025607855564, 1732895976500742545, 
1.4153646121749568, -0.06318264373572784, 0.2849631774993752, 1732895976599016860, 
1.4058451270675099, -0.06306172650828519, 0.28306489228416415, 1732895976709896073, 
1.3960436906386688, -0.0644030717876265, 0.28115022865874234, 1732895976809814915, 
1.3863163188048166, -0.0650960275423107, 0.2792136757673997, 1732895976899744714, 
1.3770162212991175, -0.0634248977985045, 0.27729174871617357, 1732895977000075481, 
1.3676607574271746, -0.06218520459214005, 0.2753995531687406, 1732895977109983662, 
1.3578406024232168, -0.06391872958633564, 0.27350117207663394, 1732895977209819672, 
1.3478854450912685, -0.06591770778635375, 0.271559120329444, 1732895977249750625, 
1.337518796699415, -0.06773935241267237, 0.2695496562809267, 1732895977399493755, 
1.326683903421915, -0.07067180556451207, 0.2674725430141732, 1732895977509837645, 
1.316478814403941, -0.07013327431824701, 0.26537876763501805, 1732895977609827058, 
1.306968601023958, -0.06571767465985608, 0.2633420879233209, 1732895977699788067, 
1.2977370689183125, -0.06247248495209486, 0.2614122989564141, 1732895977799980771, 
1.2884148039204395, -0.061845990345061885, 0.2595413649241807, 1732895977890887028, 
1.2786742113978797, -0.06354285840144265, 0.2576550722824421, 1732895978008830792, 
1.269378621967952, -0.06345393984162524, 0.25576450915241805, 1732895978100758688, 
1.260251967385941, -0.06140748003979605, 0.25388698671678483, 1732895978199132815, 
1.2507315861350334, -0.0621567861097283, 0.25202414503259507, 1732895978310837293, 
1.241053229416145, -0.0639957932326533, 0.2501357855291413, 1732895978408830362, 
1.2316820029904705, -0.06349861048187651, 0.2482311212361099, 1732895978499801160, 
1.2221699841853522, -0.06294415076930922, 0.2463270144394645, 1732895978597699387, 
1.2126766598563292, -0.06335114378047087, 0.2444352431354768, 1732895978710836063, 
1.2030340620125586, -0.06378640724264528, 0.242525380403616, 1732895978807838625, 
1.1934937957365654, -0.06394288039921259, 0.24061363450703024, 1732895978899768907, 
1.1840421718451097, -0.06330630055816282, 0.23870466863961556, 1732895978997255498, 
1.1748145283740017, -0.06226422454187919, 0.23682336639704513, 1732895979109963938, 
1.1651262319468034, -0.06305313299435437, 0.23493219547772765, 1732895979207826174, 
1.1550491072864637, -0.06588473695845994, 0.23299932450715125, 1732895979299781006, 
1.1445485476364574, -0.06859228103448671, 0.23098159245798164, 1732895979397528615, 
1.1350405886476786, -0.06669506212928351, 0.22897588290470663, 1732895979509842550, 
1.1262396764402671, -0.061029570653967635, 0.22705525418162686, 1732895979606829090, 
1.1171509109977291, -0.05963225883316511, 0.22522874507237833, 1732895979699806097, 
1.1076938536553924, -0.061819409282915704, 0.2234056294062259, 1732895979800320490, 
1.0980768239687968, -0.06358029009644106, 0.22152810590812788, 1732895979909848023, 
1.0884805602437486, -0.06404431137214599, 0.21961674919119586, 1732895980006849565, 
1.0790260331340173, -0.0635026361159315, 0.21770556115643752, 1732895980099814547, 
1.0697903095583194, -0.06230083561809726, 0.21581979352907238, 1732895980200838226, 
1.0609830678526813, -0.060143217604453625, 0.21398662736966786, 1732895980310031895, 
1.0517487391289018, -0.06013856809805892, 0.21216814110266016, 1732895980406014143, 
1.0422081146721978, -0.06258317726827833, 0.21032932811025204, 1732895980499958557, 
1.0327345652282327, -0.06338057966889687, 0.20844609460195548, 1732895980599493714, 
1.0158180943254955, -0.08796673448900745, 0.20605071828172836, 1732895980710080392, 
0.9964842055735665, -0.12083453218222055, 0.203002457675153, 1732895980805181934, 
0.9779288782908491, -0.12629738678215485, 0.19934874521266074, 1732895980899200064, 
0.9669997839400605, -0.09828140544502022, 0.19609419118696506, 1732895980999261854, 
0.9617444548813153, -0.053948078031779145, 0.19377820780748164, 1732895981109953633, 
0.9523362584181624, -0.04887841840632697, 0.19207203314930255, 1732895981211523397, 
0.942663334901276, -0.06360373326679787, 0.19044960321338356, 1732895981299460611, 
0.9307755645407879, -0.07186897959124823, 0.1883850105240151, 1732895981399324184, 
0.9221396421255573, -0.06841230925239546, 0.18637190277117474, 1732895981510019124, 
0.9152254077380576, -0.05183385600910103, 0.18454270762696018, 1732895981611105102, 
0.9077278082779231, -0.04803944615878075, 0.1830061905427692, 1732895981700071809, 
0.9034949099818528, -0.039101659187349425, 0.18176320839985557, 1732895981799343535, 
0.8990483015504257, -0.028931689091657997, 0.18068473465401344, 1732895981906118459, 
0.8915644141018623, -0.03976831959996837, 0.17960717504227605, 1732895982006053370, 
0.8841490589671495, -0.049664141944254135, 0.1783174516412958, 1732895982104326596, 
0.871678211599352, -0.06628734167503425, 0.1764927789778909, 1732895982195863672, 
0.8551261543899497, -0.09674301525733268, 0.1740635616637634, 1732895982305864652, 
0.8467374459005376, -0.08313588566271475, 0.17156945412598926, 1732895982405857105, 
0.8397925892570045, -0.051111883776483825, 0.16944374596983278, 1732895982503852877, 
0.8299378165817142, -0.05599876439607798, 0.16776452344928378, 1732895982594907482, 
0.8170736855255314, -0.0757296791049104, 0.16578693942428332, 1732895982705901600, 
0.8038786495405279, -0.08686389013728757, 0.16339267677651825, 1732895982809861027, 
0.7922325994171894, -0.08280362036114004, 0.16087899563221658, 1732895982899903161, 
0.7811677232269364, -0.07570308771197169, 0.15848526481231023, 1732895982999911145, 
0.7717395726821782, -0.06831008911670396, 0.15634265968842026, 1732895983105967449, 
0.761321823654747, -0.06615299857396469, 0.15428194130425743, 1732895983205889659, 
0.752096230331529, -0.06547780783549746, 0.15234384177789692, 1732895983302858206, 
0.7454772130805857, -0.0528153685805377, 0.15059301780445744, 1732895983399250348, 
0.7295944537893887, -0.07500592180713417, 0.14847785981343356, 1732895983509898000, 
0.7124361528368556, -0.11013686747910034, 0.145833854647122, 1732895983610868909, 
0.7004628280372849, -0.09710541917367939, 0.14283289564423526, 1732895983699856193, 
0.6914915843883366, -0.06981522816172998, 0.1402927043508318, 1732895983799954384, 
0.6846771468181762, -0.05261893739702909, 0.1384421039495865, 1732895983910059238, 
0.678520124850249, -0.04323819846029179, 0.1369792570704508, 1732895984010873133, 
0.67075051022043, -0.04642212199248726, 0.13559651879259033, 1732895984099886456, 
0.6589899728934756, -0.06510050652257811, 0.13388404053094363, 1732895984200063156, 
0.6456713473395429, -0.08359720960295691, 0.1316941220302299, 1732895984309177749, 
0.6333593580798474, -0.08543538271209387, 0.1292013785541911, 1732895984410904077, 
0.6223762078316325, -0.077650465026368, 0.12676046088340154, 1732895984499904819, 
0.6142986645609056, -0.06353564506313931, 0.12466894869815903, 1732895984599678137, 
0.6078001420475934, -0.04858688594679713, 0.12296500096267543, 1732895984709900982, 
0.5991753629282925, -0.05041100544204369, 0.12141827796911943, 1732895984810902667, 
0.5887095237151406, -0.06363539444150912, 0.11971233524606845, 1732895984900855805, 
0.5788210622320927, -0.0678476689873327, 0.11778039659170174, 1732895985000015976, 
0.5714648774920272, -0.057482154077044635, 0.11593303089595071, 1732895985110005746, 
0.5644204173255942, -0.048002149688328354, 0.11431375713664761, 1732895985210910195, 
0.55615569916203, -0.051030594433324104, 0.11280273293197676, 1732895985300835726, 
0.5474442405366072, -0.056587255963289985, 0.11120135713494876, 1732895985399828563, 
0.5398333994552181, -0.05440766568937291, 0.10956222261025701, 1732895985510141753, 
0.5323811686267554, -0.050210239699505964, 0.10797725390790539, 1732895985609917522, 
0.5241441565520276, -0.052297476343968384, 0.10642391497560008, 1732895985699846455, 
0.5152762127256768, -0.05701651967026211, 0.10478676919363066, 1732895985801310411, 
0.5068819161144469, -0.05754080145860244, 0.10308681902614342, 1732895985910046978, 
0.499787691398839, -0.051628404422792706, 0.1014630546825975, 1732895986009919409, 
0.49324296226521974, -0.04546317949742381, 0.09999417131856704, 1732895986100848383, 
0.48643254632338745, -0.044517150251505155, 0.09863087999916308, 1732895986199569159, 
0.4794764975718338, -0.04588821564461979, 0.09727680041069607, 1732895986310133004, 
0.4725365623256829, -0.0463199466590151, 0.09589637374806027, 1732895986409929414, 
0.46470049656871765, -0.04925333667705386, 0.09444757043108229, 1732895986501849494, 
0.45677464668242157, -0.05253971881087116, 0.09293411370512147, 1732895986599018907, 
0.4499292507878982, -0.04923748593606484, 0.0914269596026025, 1732895986712112547, 
0.4432802922326669, -0.04498118149918221, 0.08999894598019911, 1732895986808929401, 
0.4365196404833397, -0.04469870101519502, 0.08864861223359366, 1732895986900857670, 
0.4292655552462718, -0.046715789954650346, 0.08727103253081857, 1732895986998756595, 
0.4224341424778912, -0.04695166001816168, 0.0858812892138335, 1732895987110946202, 
0.4161150039051583, -0.04383517113704494, 0.08452098010862141, 1732895987208932380, 
0.4099375338262617, -0.04165536217209831, 0.08323244534728741, 1732895987299861856, 
0.40419421712684095, -0.039735955927724574, 0.08201645032388406, 1732895987398844873, 
0.3987354174419219, -0.037340387947799224, 0.08085781122633497, 1732895987509953285, 
0.39325001558763173, -0.03648067179736406, 0.07974531001042631, 1732895987607933798, 
0.3881155595641817, -0.03539952625913408, 0.07867339950624902, 1732895987699864567, 
0.38379265574502053, -0.03152453280870401, 0.07767721539312226, 1732895987797577593, 
0.37954892929421846, -0.028555434233210792, 0.07676380964022805, 1732895987909931113, 
0.37505169909979347, -0.029136522150756867, 0.07589288560926884, 1732895988007942623, 
0.3704935781110126, -0.030184503944019614, 0.07500628043366829, 1732895988100875163, 
0.3660865433639771, -0.029883852452721182, 0.07410878803831887, 1732895988202863669, 
0.362136142642069, -0.027858118229811917, 0.07324775094113725, 1732895988309961257, 
0.35830960362513786, -0.0259231324627975, 0.07243548597541226, 1732895988406963954, 
0.35428621977079583, -0.02616640957091058, 0.07164879773586685, 1732895988499905544, 
0.35012909644633705, -0.02726835726266937, 0.07084832798948472, 1732895988600215703, 
0.3461059591256663, -0.027267535483765187, 0.07003475168951995, 1732895988709941209, 
0.3426037455827499, -0.025084502878623776, 0.06925592007698356, 1732895988806948839, 
0.33947490078146986, -0.022103527813988055, 0.0685456403659924, 1732895988899892321, 
0.33655350779951215, -0.02016745927745922, 0.06790881027758214, 1732895989000877231, 
0.33368485376187584, -0.019300156731980045, 0.06731421748952385, 1732895989109954321, 
0.33061160380036747, -0.019806346663815606, 0.06672333102411704, 1732895989206119670, 
0.3279715718470769, -0.019044273049329725, 0.06615120196062135, 1732895989301066050, 
0.3257409487629137, -0.016235516791512545, 0.06562160829402387, 1732895989399557073, 
0.3232866149229354, -0.015616523080471678, 0.06513327570219507, 1732895989509483212, 
0.32084457172401976, -0.01632125679631317, 0.06465814236065792, 1732895989611454969, 
0.3186386547684843, -0.015493200514837083, 0.06418465609436264, 1732895989699579494, 
0.3167934657675216, -0.013503686521660526, 0.06375177948400171, 1732895989800207948, 
0.31509394833416154, -0.011815688114409176, 0.06336840459134449, 1732895989910122767, 
0.31343158728128906, -0.01120626162077513, 0.06302126675886481, 1732895990011032301, 
0.31173534324136154, -0.011195350309333349, 0.06268405859045414, 1732895990100956730, 
0.309983758336379, -0.011492763149700269, 0.062343379257268634, 1732895990200800653, 
0.3085204298590695, -0.01071637794097339, 0.06201596876245401, 1732895990310237911, 
0.30959831421124034, -0.0012848137504621142, 0.061873500160445925, 1732895990411140909, 
0.31169516402080194, 0.010582447205774725, 0.06198759387274079, 1732895990500318648, 
0.30883583365068223, -0.0025416018685270325, 0.06200862079218163, 1732895990600854777, 
0.3050596169566292, -0.02211849021390914, 0.06170604097520755, 1732895990710302035, 
0.30121904146834316, -0.025389307274463573, 0.06100763280504364, 1732895990811946408, 
0.2962509425360112, -0.02936224806872667, 0.06016864006406557, 1732895990900949122, 
0.29356599685477147, -0.02551014871190564, 0.05940239872394172, 1732895991000710639, 
0.296702782919686, 0.0015061346122493176, 0.05910131482069791, 1732895991106962533, 
0.2983657747769863, 0.015999259740716032, 0.059242303636762916, 1732895991206111340, 
0.29597084199237644, -0.00243980309103183, 0.05940262664593658, 1732895991303965864, 
0.2938815086919492, -0.014947553616790343, 0.05921454169742079, 1732895991400958502, 
0.2913867912484706, -0.015280169146352773, 0.058749276128853084, 1732895991510973258, 
0.2896988975772793, -0.013942037048899625, 0.05833114650117993, 1732895991610959012, 
0.2879594426977945, -0.011424495168920376, 0.05793634210156962, 1732895991700990826, 
0.2841342849006917, -0.018548708921958628, 0.05745284167838437, 1732895991801099013, 
0.279549399284342, -0.028033478044841575, 0.05677620845885521, 1732895991910185467, 
0.2750704604467723, -0.030212748179731335, 0.05591694297545373, 1732895992010970217, 
0.27075505254729815, -0.029314489123479597, 0.05502499415189416, 1732895992100995377, 
0.2662782511467978, -0.029307364333248282, 0.05414025094272455, 1732895992200962940, 
0.2605041426256977, -0.034169699738668124, 0.05316916308798625, 1732895992310658973, 
0.2550021618104539, -0.03758696445447981, 0.05211897037219663, 1732895992410996122, 
0.2482701448058066, -0.040779992732970415, 0.05091842994946388, 1732895992500969803, 
0.2405582924702042, -0.04814623113416563, 0.04958870660576431, 1732895992600300212, 
0.2407978153919538, -0.024907764712842617, 0.048641750177864304, 1732895992710307082, 
0.24232537953860814, 0.005890290228013166, 0.04824543249338441, 1732895992810975570, 
0.23846960735560885, -0.007760693454483177, 0.04810618681907806, 1732895992900974938, 
0.2318835264380434, -0.03480617700188241, 0.04751190088881736, 1732895993000268811, 
0.22392213166227767, -0.04849158564443725, 0.046285017697061996, 1732895993110228001, 
0.2164156871791081, -0.051559464196451, 0.04481475635196195, 1732895993210998385, 
0.21383550890407135, -0.03362207586068774, 0.043611555183030476, 1732895993302006352, 
0.2159379078217624, -0.001592597857819067, 0.043079273593662794, 1732895993401544514, 
0.21483083359229338, 0.003317748960740089, 0.04297361668787514, 1732895993510625276, 
0.20913846209868947, -0.02266481907690974, 0.042660480234183014, 1732895993611010049, 
0.20308339534472045, -0.03915812749190978, 0.041803512735713554, 1732895993701936961, 
0.19832209540560694, -0.03605455564360843, 0.040702930189934455, 1732895993799926759, 
0.19419284542104692, -0.02963516641224508, 0.03970655574475829, 1732895993911145300, 
0.18944936340526172, -0.02957577333448406, 0.03879762028212771, 1732895994011008461, 
0.18410080718178123, -0.03364012746421896, 0.03784953440053932, 1732895994100934517, 
0.17844098433514402, -0.03669459690039234, 0.0367994103281458, 1732895994200268646, 
0.1729478749726198, -0.037176440697204806, 0.035699311099303, 1732895994311148595, 
0.1697602997360597, -0.028935615330281106, 0.03474327726958824, 1732895994411012139, 
0.1646589350664481, -0.02762979968723896, 0.033824473985008506, 1732895994500939468, 
0.1566704584031933, -0.043632804442887974, 0.03273931288038007, 1732895994600363093, 
0.1484700568724473, -0.05396292731333602, 0.03131996335613925, 1732895994710213822, 
0.14095203082367824, -0.052394758598383516, 0.02973950307328792, 1732895994811018568, 
0.13328318192235317, -0.050622916500313773, 0.02818035130789858, 1732895994901951397, 
0.12619478269272763, -0.04919082710316871, 0.0266953330292506, 1732895995000126316, 
0.12020011726418256, -0.04361021552723535, 0.025311872125284223, 1732895995092156730, 
0.11516516938059267, -0.03676537770711655, 0.02410400462250019, 1732895995210023759, 
0.11112221182950244, -0.030259684782267076, 0.023099166564951847, 1732895995301953589, 
0.10759788227448742, -0.025224290353684137, 0.022259017565638833, 1732895995400009826, 
0.10354894582831393, -0.025244220003961676, 0.021484602662153584, 1732895995511471646, 
